"Id","Label"
1,"academic testing services"
2,"accounting firms"
3,"acupuncturists"
4,"adhesives manufacturing"
5,"adoption agencies"
6,"adult daycare centers"
7,"advertising agencies"
8,"advertising companies - outdoor"
9,"aerial advertising"
10,"aerial application contractors"
11,"air ambulance services"
12,"air charter services"
13,"alarm systems dealers and installers"
14,"alternative dispute resolution firms"
15,"alternative health and wellness centers"
16,"ambulance services and rescue squads"
17,"animal hospitals"
18,"animal shelters"
19,"antique dealers"
20,"apartments cooperatives and condominiums"
21,"apiaries - commercial"
22,"apparel manufacturing"
23,"appraisers"
24,"aquaculture operations"
25,"aquariums"
26,"architects and engineers"
27,"architectural preservationists"
28,"armored car services"
29,"art conservators"
30,"art galleries and dealers"
31,"artificial insemination for cattle breeding"
32,"arts and crafts stores"
33,"asbestos abatement contractors"
34,"assisted living facilities"
35,"auctioneers and auction houses"
36,"audiologists"
37,"audiometric testing companies"
38,"automated teller machine deployers"
39,"automatic fire sprinkler system contractors"
40,"automobile and truck dismantlers"
41,"automobile and truck rental agencies"
42,"automobile body repair shops"
43,"automobile dealers - new and used - retail"
44,"automobile parking facilities"
45,"automobile repair shops and oil change centers"
46,"automotive aftermarket parts and accessories stores"
47,"baby food manufacturing"
48,"bail bondsmen"
49,"bait and tackle shops"
50,"bakeries - commercial and wholesale"
51,"bakeries - retail"
52,"banks - commercial"
53,"bar and restaurant suppliers"
54,"bars taverns cocktail lounges and nightclubs"
55,"battery manufacturing - dry cell"
56,"battery manufacturing - wet cell"
57,"beauty salon and barber shop suppliers"
58,"beauty salons and barber shops"
59,"bed and breakfast inns"
60,"beverage distributors"
61,"bicycle manufacturing"
62,"bicycle shops - sales and service"
63,"billiard halls"
64,"bingo halls"
65,"biofuel production"
66,"blasting contractors"
67,"blood banks"
68,"boat manufacturing - fiberglass hull"
69,"body armor manufacturing"
70,"body piercing studios"
71,"boiler maintenance contractors"
72,"book publishing - commercial"
73,"bookstores - retail"
74,"botanical gardens"
75,"bottled water production and delivery"
76,"bottling - soft drinks"
77,"bowling centers"
78,"box manufacturing - corrugated"
79,"breeding farms - horses"
80,"breeding farms - ratite birds"
81,"breeding farms - small animal"
82,"breweries"
83,"brick manufacturing"
84,"bridal shops"
85,"broom brush and mop manufacturing"
86,"building construction - general contractors"
87,"building material dealers"
88,"bus charter services"
89,"bus operations - school"
90,"cable television system operators"
91,"call centers"
92,"camera stores"
93,"campgrounds"
94,"camps - day and sleep-over"
95,"can manufacturing"
96,"candle manufacturing"
97,"candy stores"
98,"canning - fish and seafood"
99,"canning - fruits and vegetables"
100,"car washes"
101,"carpentry contractors"
102,"carpet and upholstery cleaners"
103,"casinos"
104,"casket manufacturing"
105,"catering"
106,"cellular telephone carriers"
107,"cellular telephone stores"
108,"cement manufacturing"
109,"cemeteries and memorial parks"
110,"central-station alarm monitoring facilities"
111,"centralized waste treatment facilities"
112,"cereal manufacturing"
113,"charter boat fishing"
114,"cheese manufacturing"
115,"chimney cleaning services"
116,"chiropractors' offices"
117,"chocolate and cocoa manufacturing"
118,"clock and watch manufacturing"
119,"clothing stores"
120,"clubs and organizations - nonprofit"
121,"coffee houses shops and bars"
122,"coffee processing"
123,"coin and bullion dealers"
124,"collection agencies"
125,"colleges and universities"
126,"comic-book stores"
127,"commercial bookbinding"
128,"commercial composting"
129,"commercial diving contractors"
130,"commercial fishing"
131,"computer-aided mapping services"
132,"computer and computer peripherals manufacturing"
133,"computer service and cosulting firms"
134,"computer stores"
135,"condom manufacturing"
136,"confectionery manufacturing"
137,"construction equipment dealerships"
138,"construction equipment manufacturing"
139,"contact lens manufacturing"
140,"convenience stores"
141,"convention centers"
142,"converted paper products manufacturing"
143,"correctional facilities - private"
144,"cosmetics manufacturing"
145,"costume rental stores"
146,"court reporters"
147,"craft breweries microbreweries and brewpubs"
148,"crane services - construction"
149,"crayon manufacturing"
150,"credit counseling firms"
151,"credit reporting agencies - consumer"
152,"crematories"
153,"cutlery manufacturing"
154,"dairy products - wholesaling"
155,"dance schools"
156,"data processing - payroll services"
157,"data storage centers"
158,"dating services"
159,"day spas"
160,"daycare centers"
161,"demolition contractors"
162,"demonstrative evidence firms"
163,"dental laboratories"
164,"dental supply dealers"
165,"dentists offices"
166,"department stores"
167,"dermatologists offices"
168,"desktop publishing services"
169,"diaper services"
170,"direct selling organizations"
171,"disaster recovery services"
172,"disc replication and duplication services"
173,"distilleries"
174,"dna testing services"
175,"dog obedience schools"
176,"dog parks"
177,"domestic cleaning services"
178,"door and window installation contractors"
179,"down and feather products manufacturing"
180,"drive-in movie theatres"
181,"driver training schools - private"
182,"dry cleaning"
183,"dry ice manufacturing"
184,"dye and pigment manufacturing"
185,"e-tailers"
186,"electric and acoustic guitar manufacturing"
187,"electric lamp bulbs manufacturing"
188,"electrical appliance stores"
189,"electrical appliance wholesaling"
190,"electrical contractors"
191,"electrology offices"
192,"electronic payment services"
193,"electronic repair services"
194,"electroplating contractors"
195,"elevator contractors"
196,"employment websites"
197,"environmental consulting firms"
198,"event planners"
199,"excavation contractors"
200,"executive search firms"
201,"fabric stores"
202,"family entertainment centers"
203,"farm machinery and power equipment dealers"
204,"farm machinery manufacturing"
205,"farming - cash grains"
206,"farming - christmas trees"
207,"farming - dairy"
208,"farming - mushrooms"
209,"farming - orchards"
210,"farming - rice"
211,"farming - tobacco"
212,"farming - turfgrass sod"
213,"farming - vegetables and melons"
214,"fast food restaurants"
215,"feed manufacturing"
216,"feedlots"
217,"fence installation contractors and retailers"
218,"ferries"
219,"fertilizer manufacturing"
220,"financial planning firms"
221,"fire extinguisher sales and service"
222,"firearm stores"
223,"fireplace construction contractors"
224,"fireworks manufacturing and exhibiting"
225,"fish and seafood dealers - wholesale and retail"
226,"fish and seafood freezing operations"
227,"flavoring and fragrance manufacturing"
228,"flea markets and farmers markets"
229,"floor covering stores"
230,"florist shops - retail"
231,"flour mills"
232,"fluid milk processing plants"
233,"food distributors"
234,"formal wear rental stores"
235,"foundries"
236,"fraternity and sorority chapters"
237,"freight brokers"
238,"fruit and vegetable dealers - retail"
239,"fruit juice manufacturing"
240,"fuel oil dealers"
241,"funeral homes"
242,"fur garment manufacturing"
243,"fur salons"
244,"furniture manufacturing - wood"
245,"furniture refinishing and repair shops"
246,"furniture stores"
247,"garbage or refuse collecting"
248,"garment printing services"
249,"gasoline stations - full-service and self-service"
250,"gear manufacturing"
251,"gem cutters"
252,"general hot dip galvanizing"
253,"gift or souvenir shops"
254,"glass dealers and installers"
255,"glass manufacturing"
256,"glassblowing operations"
257,"glassware manufacturing"
258,"golf and country clubs"
259,"golf driving ranges and miniature golf courses"
260,"grading of land"
261,"grain elevator operations"
262,"granite quarries"
263,"graphic design firms"
264,"greeting card companies"
265,"guard and patrol services"
266,"gun manufacturing"
267,"gunsmiths"
268,"gymnastic facilities"
269,"hangar operations"
270,"hazardous waste site mitigation contractors"
271,"health clubs"
272,"health food stores"
273,"health maintenance organizations"
274,"hearing aid outlets"
275,"heat treating contractors"
276,"heating ventilation and air conditioning contractors"
277,"hog confinement facilities"
278,"home health services"
279,"hospice facilities"
280,"hot air balloon services"
281,"hot tub dealers and installers"
282,"hotels motels and conference centers"
283,"houses of worship"
284,"hypnosis centers"
285,"ice cream and frozen dessert manufacturing"
286,"ice cream frozen dessert stores"
287,"ice manufacturers and distributors"
288,"ice skating rinks"
289,"industrial gas manufacturing"
290,"ink manufacturing"
291,"insulation contractors - commercial and residential"
292,"insurance agents and brokers"
293,"insurance claims adjusters - independent and public"
294,"interior designers"
295,"internet service providers"
296,"inventory services"
297,"investigation agencies"
298,"iron and steel erection contractors"
299,"jam and jelly manufacturing"
300,"janitorial services"
301,"jewelry manufacturing"
302,"jewelry stores"
303,"juvenile furniture manufacturing"
304,"kennels - boarding"
305,"kitchen remodeling contractors"
306,"laboratories - commercial testing"
307,"laboratories - research and development"
308,"lamp manufacturing - electric"
309,"laundromats"
310,"lawn and garden equipment dealers"
311,"lawn care and landscaping contractors"
312,"lawyers offices"
313,"lead abatement contractors"
314,"leather goods manufacturing - apparel"
315,"leather goods manufacturing - non-apparel"
316,"libraries - public"
317,"limousine services"
318,"linen suppliers and industrial launderers"
319,"liquefied petroleum (lp) gas retailing"
320,"liquor stores"
321,"locksmiths"
322,"logging"
323,"magazine publishing"
324,"mail order houses"
325,"mail receiving services"
326,"mail systems management companies"
327,"mammography centers"
328,"management consulting firms"
329,"manufactured home producers"
330,"manufactured home rental communities"
331,"manufactured home retailers"
332,"maple syrup producers"
333,"marinas"
334,"marine dealers"
335,"marketing research firms"
336,"marriage and family counseling services"
337,"martial arts schools"
338,"mason contractors"
339,"massage therapists"
340,"mattress and box spring manufacturing"
341,"mattress stores"
342,"meat packing plants"
343,"meat products processing"
344,"medical billing companies"
345,"medical equipment dealers - wholesale and retail"
346,"medical imaging centers"
347,"medical laboratories"
348,"messenger and courier services"
349,"metal stamping and fabricating operations"
350,"millwrights"
351,"mining - coal - surface"
352,"mining - construction sand and gravel"
353,"mining - crushed stone"
354,"mobile concessions"
355,"mobile disc jockeys"
356,"mobile electronics stores"
357,"model and hobby shops"
358,"modeling agencies"
359,"modeling schools"
360,"monument manufacturers and retailers"
361,"mortgage companies"
362,"motorcycle dealers"
363,"movie theatres - indoor"
364,"moving and storage firms"
365,"municipal governments"
366,"museums"
367,"music and video downloading services"
368,"musical instrument stores"
369,"nail salons"
370,"newspaper publishers and online content providers"
371,"nondestructive testing contractors"
372,"nurseries - wholesale and retail"
373,"nursing homes"
374,"nut processing"
375,"nutritional supply stores"
376,"occupational safety and health consultants"
377,"oil or gas well drilling contractors"
378,"online auction houses"
379,"online dating services"
380,"online grocery stores"
381,"online travel services"
382,"optical goods stores"
383,"optometrists offices"
384,"orchestras"
385,"ornamental metalworking"
386,"paint and wallpaper stores"
387,"paint manufacturing"
388,"paintball courses"
389,"painting and paperhanging contractors"
390,"pallet manufacturing and recycling"
391,"paperboard products manufacturing"
392,"paralegal offices"
393,"paratransit services"
394,"particleboard manufacturing"
395,"pasta manufacturing"
396,"paving contractors - asphalt"
397,"paving contractors - concrete"
398,"pawnshops"
399,"personal trainers"
400,"pest control operators"
401,"pesticide manufacturing"
402,"pet food manufacturing"
403,"pet grooming services"
404,"pet shops"
405,"pet sitters"
406,"petroleum marketers - wholesale"
407,"pharmaceutical manufacturing"
408,"pharmacies"
409,"photoengraving"
410,"photographic studios"
411,"physical rehabilitation centers - outpatient"
412,"piano stores"
413,"pickling plants"
414,"pile driving contractors"
415,"planetariums"
416,"plastics fabricating and finishing"
417,"plastics molding, forming and extruding"
418,"plumbing contractors"
419,"plywood manufacturing"
420,"podiatrists offices"
421,"portable sanitation services"
422,"portable scientific instrument manufacturing"
423,"pottery manufacturing - household and industrial"
424,"poultry - hatcheries"
425,"poultry - processing"
426,"poultry - raising"
427,"poultry - table egg production"
428,"precast concrete products manufacturing"
429,"printing - commercial"
430,"printing - quick printers"
431,"process servers"
432,"professional employer organizations"
433,"property management firms"
434,"prosthetists offices"
435,"psychologists and psychiatrists offices"
436,"public bus companies"
437,"public refrigerated warehouses"
438,"public relations agencies"
439,"public warehouses"
440,"pulp and paper mills"
441,"racquet and fitness clubs"
442,"radio broadcasting stations"
443,"radon mitigation contractors"
444,"radon testing firms"
445,"rafting outfitters"
446,"ready-mixed concrete manufacturing and delivery services"
447,"real estate agents and brokers"
448,"record and video stores"
449,"recording studios"
450,"recreational vehicle dealers"
451,"recycling collection centers"
452,"refrigeration contractors"
453,"registered dietitians"
454,"rehabilitation facilities - substance abuse"
455,"rehabilitation facilities - vocational training"
456,"rendering"
457,"rental and leasing services - equipment"
458,"residential treatment facilities"
459,"restaurants"
460,"restoration firms"
461,"riggers"
462,"roller skating rinks"
463,"roofing contractors"
464,"sailing schools"
465,"sandblasting contractors"
466,"sanitary landfills"
467,"sawmills and planing mills"
468,"scaffolding contractors"
469,"schools - elementary - public and private"
470,"schools - secondary - public and private"
471,"scrap metal processors"
472,"screw machine products manufacturing"
473,"scuba diving shops - retail"
474,"search engine operations"
475,"securities broker dealers"
476,"seed processors"
477,"self-storage facilities"
478,"semiconductor manufacturing"
479,"septic services companies"
480,"sewer maintenance contractors"
481,"sheet metal work"
482,"shelters for battered women"
483,"shoe repair shops"
484,"shoe stores - retail"
485,"shooting range operations"
486,"shopping centers and malls"
487,"show manufacturing"
488,"siding contractors"
489,"sightseeing operations and local tour operators"
490,"sign shops"
491,"silversmiths"
492,"skate manufacturing"
493,"skateboard parks"
494,"ski shops"
495,"skydiving centers"
496,"snack food manufacturing"
497,"soap and detergent manufacturing"
498,"software development firms"
499,"solar hot water systems - dealers and installers"
500,"solar panel installers"
501,"speech-language pathologists"
502,"spice, herb and extract processing"
503,"sporting goods stores"
504,"spray equipment manufacturing"
505,"stables and riding academies"
506,"stadiums arenas and racetracks"
507,"staffing services"
508,"stained glass studios"
509,"stationery and office supply stores"
510,"steel mills"
511,"stevedore companies"
512,"sugar manufacturing (beet and cane)"
513,"supermarkets and grocery stores"
514,"surveyors - land"
515,"swim clubs and swimming pools"
516,"swimming pool dealers and installers"
517,"tack shops"
518,"tailors"
519,"tanneries"
520,"tattoo studios"
521,"taxi companies"
522,"taxidermists"
523,"tea manufacturing"
524,"team dealers"
525,"telephone companies"
526,"television broadcasting stations"
527,"tennis clubs"
528,"textile mills - finishing and coating"
529,"textile mills - yarn spinning and weaving"
530,"theatres - live"
531,"thrift stores and resale shops"
532,"tile and marble contractors"
533,"tire dealers - retail"
534,"tire manufacturing"
535,"tire retreading"
536,"tobacconists"
537,"tool and die shops"
538,"tour operators"
539,"towing and recovery services"
540,"toy manufacturing"
541,"toy stores"
542,"trading card companies"
543,"travel agencies"
544,"tree care services"
545,"truck stops and travel centers"
546,"trucking - long haul"
547,"trucking - specialized carriers"
548,"underground storage tank remediation contractors"
549,"upholstery shops"
550,"valet parking services"
551,"vending and amusement machine operators"
552,"video recording services"
553,"vocational-technical schools - public and private"
554,"volunteer fire departments"
555,"wall and ceiling contractors"
556,"wallcovering manufacturing"
557,"warehouse stores-superstores"
558,"wastewater treatment facilities"
559,"water amusement parks"
560,"water treatment (point of use) - retail"
561,"water well drilling contractors"
562,"waterproofing contractors"
563,"waterworks operations"
564,"weather forecast services (private)"
565,"website design firms"
566,"wedding consultants"
567,"weight loss centers"
568,"welding brazing and cutting"
569,"wildlife control operators"
570,"windmill dealers and installers"
571,"window cleaning contractors"
572,"window treatments manufacturing"
573,"wineries"
574,"wire manufacturing"
575,"wire rope manufacturing and fabricating"
576,"wood and coal stove dealers"
577,"woodworking shops"
578,"writing instruments manufacturing"
579,"yoga studios"
580,"zoos"
